Rv0004	Rv0004	Conserved hypothetical protein	4.434	19933.7
Rv0021c	Rv0021c	Conserved hypothetical protein	25.913	33536.3
Rv0025	Rv0025	Conserved hypothetical protein	29.245	13099.8
Rv0026	Rv0026	Conserved hypothetical protein	29.722	46443.4
Rv0027	Rv0027	Conserved hypothetical protein	31.189	11910.2
Rv0028	Rv0028	Conserved hypothetical protein	31.514	10904.4
Rv0029	Rv0029	Conserved hypothetical protein	32.057	39559.2
Rv0030	Rv0030	Conserved hypothetical protein	33.224	11858.1
Rv0034	Rv0034	Conserved hypothetical protein	36.867	13967.7
Rv0036c	Rv0036c	Conserved protein	39.056	27546.1
Rv0038	Rv0038	Conserved protein	41.304	21776.1
Rv0047c	Rv0047c	Conserved protein	51.185	20408.2
Rv0049	Rv0049	Conserved hypothetical protein	52.831	15000.2
Rv0052	Rv0052	Conserved protein	57.41	20355.3
Rv0057	Rv0057	Hypothetical protein	59.896	18062.7
Rv0059	Rv0059	Hypothetical protein	63.2	25580.1
Rv0060	Rv0060	Conserved hypothetical protein	63.909	38563.2
Rv0061c	Rv0061c	Hypothetical protein	65.012	11813.4
Rv0074	Rv0074	Conserved protein	82.748	42791.3
Rv0078A	Rv0078A	Hypothetical protein	87.208	21612.6
Rv0078B	Rv0078B	Conserved protein	87.798	7506.49
Rv0079	Rv0079	Unknown protein	88.204	29474.7
Rv0080	Rv0080	Conserved hypothetical protein	89.022	16573.9
Rv0100	Rv0100	Conserved hypothetical protein	109.783	8660.88
Rv0104	Rv0104	Conserved hypothetical protein	122.317	53419
Rv0106	Rv0106	Conserved hypothetical protein	124.374	43699.8
Rv0108c	Rv0108c	Hypothetical protein	130.895	7572.59
Rv0121c	Rv0121c	Conserved protein	147.908	16013.3
Rv0122	Rv0122	Hypothetical protein	148.491	13675.5
Rv0123	Rv0123	Unknown protein	148.856	13623.5
Rv0138	Rv0138	Conserved hypothetical protein	165.323	18940.4
Rv0140	Rv0140	Conserved protein	166.91	13766.5
Rv0141c	Rv0141c	Unknown protein	167.271	15490.5
Rv0142	Rv0142	Conserved hypothetical protein	167.711	33023
Rv0150c	Rv0150c	Conserved hypothetical protein	176.665	9562.81
Rv0157A	Rv0157A	Conserved protein	186.495	4796.3
Rv0163	Rv0163	Conserved protein	193.117	16607.1
Rv0164	TB18.5	Conserved protein TB18.5	193.626	17738.3
Rv0177	Rv0177	Probable conserved Mce associated protein	208.417	20164
Rv0181c	Rv0181c	Conserved hypothetical protein	212.277	26286.3
Rv0184	Rv0184	Conserved hypothetical protein	214.969	26826.1
Rv0185	Rv0185	Conserved hypothetical protein	215.715	18364.9
Rv0190	Rv0190	Conserved protein	221.871	10364.8
Rv0192	Rv0192	Conserved hypothetical protein	223.564	38903.7
Rv0193c	Rv0193c	Hypothetical protein	224.724	69110.6
Rv0201c	Rv0201c	Conserved protein	237.892	18483.9
Rv0207c	Rv0207c	Conserved hypothetical protein	247.384	26175.6
Rv0209	Rv0209	Hypothetical protein	249.038	38131.9
Rv0210	Rv0210	Hypothetical protein	250.12	52314.2
Rv0250c	Rv0250c	Conserved protein	301.735	10878.1
Rv0257	Rv0257	Conserved hypothetical protein	309.699	13052.9
Rv0258c	Rv0258c	Conserved hypothetical protein	310.294	16046.9
Rv0259c	Rv0259c	Conserved hypothetical protein	310.774	26250
Rv0263c	Rv0263c	Conserved hypothetical protein	314.864	32203.5
Rv0264c	Rv0264c	Conserved hypothetical protein	315.783	22465.6
Rv0268c	Rv0268c	Hypothetical protein	322.764	19428.1
Rv0269c	Rv0269c	Conserved hypothetical protein	323.338	44040.4
Rv0272c	Rv0272c	Unknown protein	328.575	41059.4
Rv0274	Rv0274	Conserved protein	330.422	21081.8
Rv0276	Rv0276	Conserved hypothetical protein	331.748	34779.3
Rv0293c	Rv0293c	Conserved protein	356.862	43970.5
Rv0295c	Rv0295c	Conserved protein	358.945	29774.6
Rv0298	Rv0298	Hypothetical protein	363.252	8130.21
Rv0299	Rv0299	Hypothetical protein	363.476	10424.1
Rv0307c	Rv0307c	Unknown protein	376.573	17181.8
Rv0310c	Rv0310c	Conserved protein	378.657	18210.3
Rv0311	Rv0311	Unknown protein	379.172	44610.9
Rv0312	Rv0312	Conserved hypothetical proline and threonine rich protein	380.556	64143.9
Rv0313	Rv0313	Conserved protein	382.49	13916.2
Rv0323c	Rv0323c	Conserved hypothetical protein	390.58	24211.3
Rv0329c	Rv0329c	Conserved hypothetical protein	394.694	21993.2
Rv0330c	Rv0330c	Hypothetical protein	395.347	25932.8
Rv0332	Rv0332	Conserved protein	397.442	28602.2
Rv0333	Rv0333	Unknown protein	398.254	13074.4
Rv0340	Rv0340	Conserved protein	408.634	18351.1
Rv0345	Rv0345	Conserved hypothetical protein	415.05	13951
Rv0349	Rv0349	Hypothetical protein	418.949	24670.7
Rv0356c	Rv0356c	Conserved protein	434.83	22878.9
Rv0358	Rv0358	Conserved protein	436.86	23102.5
Rv0360c	Rv0360c	Conserved protein	438.302	15297.3
Rv0365c	Rv0365c	Conserved protein	443.067	41504
Rv0366c	Rv0366c	Conserved hypothetical protein	444.222	21344.5
Rv0367c	Rv0367c	Hypothetical protein	444.844	13648.2
Rv0368c	Rv0368c	Conserved hypothetical protein	445.314	43556.3
Rv0371c	Rv0371c	Conserved hypothetical protein	448.04	21116.3
Rv0372c	Rv0372c	Conserved hypothetical protein	448.63	25576.2
Rv0376c	Rv0376c	Conserved hypothetical protein	453.23	39898.3
Rv0378	Rv0378	Conserved hypothetical glycine rich protein	455.637	6096.17
Rv0381c	Rv0381c	Hypothetical protein	456.915	31202.5
Rv0387c	Rv0387c	Conserved hypothetical protein	466.672	23226.3
Rv0390	Rv0390	Conserved protein	469.591	15360
Rv0395	Rv0395	Hypothetical protein	474.94	14843.1
Rv0396	Rv0396	Hypothetical protein	475.35	14351.9
Rv0397A	Rv0397A	Conserved protein	476.394	8504.87
Rv0406c	Rv0406c	Beta lactamase like protein	489.887	29220.4
Rv0421c	Rv0421c	Conserved hypothetical protein	507.132	21737.8
Rv0424c	Rv0424c	Hypothetical protein	510.377	10009.6
Rv0430	Rv0430	Conserved hypothetical protein	518.733	11723.5
Rv0433	Rv0433	Conserved hypothetical protein	520.324	42277.2
Rv0434	Rv0434	Conserved hypothetical protein	521.514	23750.3
Rv0441c	Rv0441c	Hypothetical protein	530.296	15004
Rv0443	Rv0443	Conserved protein	532.396	18958.3
Rv0448c	Rv0448c	Conserved hypothetical protein	536.504	25566.6
Rv0449c	Rv0449c	Conserved hypothetical protein	537.229	47784.9
Rv0454	Rv0454	Conserved hypothetical protein	544.835	12916.7
Rv0455c	Rv0455c	Conserved protein	545.375	16639.8
Rv0459	Rv0459	Conserved hypothetical protein	551.198	17215.6
Rv0460	Rv0460	Conserved hydrophobic protein	551.749	8080.91
Rv0464c	Rv0464c	Conserved protein	554.313	21304.6
Rv0466	Rv0466	Conserved protein	556.458	30153.4
Rv0470A	Rv0470A	Hypothetical protein	561.854	16034.1
Rv0471c	Rv0471c	Hypothetical protein	562.225	17648
Rv0481c	Rv0481c	Hypothetical protein	569.988	19063.6
Rv0487	Rv0487	Conserved hypothetical protein	576.787	20684.5
Rv0492A	Rv0492A	Hypothetical protein	583.375	12271.4
Rv0493c	Rv0493c	Conserved protein	583.701	35395
Rv0495c	Rv0495c	Conserved hypothetical protein	585.424	32960.2
Rv0496	Rv0496	Conserved hypothetical protein	586.394	34843.5
Rv0498	Rv0498	Conserved hypothetical protein	588.325	30433.6
Rv0499	Rv0499	Conserved hypothetical protein	589.183	30670.3
Rv0500A	Rv0500A	Conserved protein	591.111	8507.73
Rv0500B	Rv0500B	Conserved hypothetical protein	591.475	4145.19
Rv0502	Rv0502	Conserved protein	592.791	39287.9
Rv0504c	Rv0504c	Conserved protein	594.802	18359.9
Rv0508	Rv0508	Conserved hypothetical protein	600.098	10710.2
Rv0523c	Rv0523c	Conserved protein	614.326	14827.2
Rv0525	Rv0525	Conserved protein	616.223	22212.1
Rv0530	Rv0530	Conserved protein	620.907	43022.5
Rv0530A	Rv0530A	Conserved protein	622.121	6089.12
Rv0540	Rv0540	Conserved hypothetical protein	632.372	22939.4
Rv0543c	Rv0543c	Conserved protein	635.573	11279.8
Rv0546c	Rv0546c	Conserved protein	637.583	14346.2
Rv0552	Rv0552	Conserved protein	642.889	57340.1
Rv0566c	Rv0566c	Conserved protein	657.548	18077.6
Rv0569	Rv0569	Conserved protein	661.003	9522.73
Rv0571c	Rv0571c	Conserved protein	663.487	46655.3
Rv0572c	Rv0572c	Hypothetical protein	665.042	12811.3
Rv0574c	Rv0574c	Conserved hypothetical protein	667.252	41515.3
Rv0577	TB27.3	Conserved protein TB27.3	671.166	27342.9
Rv0579	Rv0579	Conserved hypothetical protein	676.238	28539.8
Rv0580c	Rv0580c	Conserved protein	677.125	18034.8
Rv0597c	Rv0597c	Conserved hypothetical protein	695.668	44694.2
Rv0607	Rv0607	Hypothetical protein	702.813	14102.8
Rv0609A	Rv0609A	Conserved hypothetical protein	703.83	8019
Rv0610c	Rv0610c	Hypothetical protein	704.752	42639.5
Rv0611c	Rv0611c	Hypothetical protein	705.961	13621.4
Rv0612	Rv0612	Conserved hypothetical protein	706.324	22223.2
Rv0613c	Rv0613c	Unknown protein	706.948	92721.4
Rv0614	Rv0614	Conserved hypothetical protein	709.356	34644.1
Rv0616c	Rv0616c	Hypothetical protein	710.584	9590.73
Rv0628c	Rv0628c	Conserved hypothetical protein	718.761	39574
Rv0634A	Rv0634A	Unknown protein	731.113	9408.44
Rv0647c	Rv0647c	Conserved protein	741.151	54824
Rv0674	Rv0674	Conserved hypothetical protein	774.064	26540.6
Rv0678	Rv0678	Conserved protein	778.99	18346.7
Rv0679c	Rv0679c	Conserved threonine rich protein	779.543	16554.4
Rv0689c	Rv0689c	Hypothetical protein	789.157	8751.76
Rv0690c	Rv0690c	Conserved hypothetical protein	790.024	38098.3
Rv0692	Rv0692	Conserved hypothetical protein	791.831	12043.7
Rv0695	Rv0695	Conserved hypothetical protein	794.715	26548.2
Rv0698	Rv0698	Conserved hypothetical protein	798.833	22307.1
Rv0699	Rv0699	Hypothetical protein	799.629	7391.38
Rv0712	Rv0712	Conserved protein	808.746	32711.7
Rv0724A	Rv0724A	Conserved hypothetical protein	817.531	12187.6
Rv0725c	Rv0725c	Conserved hypothetical protein	817.539	32246.8
Rv0738	Rv0738	Conserved protein	830.062	19115.7
Rv0739	Rv0739	Conserved hypothetical protein	830.855	29589.6
Rv0740	Rv0740	Conserved hypothetical protein	831.776	19451.9
Rv0743c	Rv0743c	Hypothetical protein	833.886	20142.8
Rv0745	Rv0745	Conserved hypothetical protein	835.154	18648.4
Rv0749A	Rv0749A	Hypothetical protein (fragment)	841.737	5486.37
Rv0750	Rv0750	Conserved hypothetical protein	842.033	8686.89
Rv0756c	Rv0756c	Unknown protein	850.741	24884.5
Rv0759c	Rv0759c	Conserved hypothetical protein	853.825	11926.8
Rv0760c	Rv0760c	Conserved protein	854.267	15242
Rv0762c	Rv0762c	Conserved hypothetical protein	855.925	20582.1
Rv0767c	Rv0767c	Conserved hypothetical protein	860.069	22539.7
Rv0775	Rv0775	Conserved hypothetical protein	868.407	22381.8
Rv0776c	Rv0776c	Conserved hypothetical protein	868.984	28037.1
Rv0784	Rv0784	Conserved hypothetical protein	878.638	25020.1
Rv0785	Rv0785	Conserved protein	879.34	61219.7
Rv0786c	Rv0786c	Conserved protein	881.075	13917
Rv0787	Rv0787	Unknown protein	881.459	34150.1
Rv0787A	Rv0787A	Conserved protein	882.524	8589.72
Rv0789c	Rv0789c	Hypothetical protein	883.451	22454.3
Rv0790c	Rv0790c	Hypothetical protein	884.072	26684.2
Rv0791c	Rv0791c	Conserved protein	884.797	37714.8
Rv0799c	Rv0799c	Conserved protein	892.266	36015.7
Rv0801	Rv0801	Conserved protein	894.631	12512.2
Rv0804	Rv0804	Conserved hypothetical protein	898.081	21628.5
Rv0807	Rv0807	Conserved hypothetical protein	901.635	13480.5
Rv0810c	Rv0810c	Conserved hypothetical protein	904.905	6900.41
Rv0811c	Rv0811c	Conserved protein	905.234	39414.8
Rv0813c	Rv0813c	Conserved protein	907.338	23868.3
Rv0822c	Rv0822c	Conserved protein	914.257	72904.9
Rv0825c	Rv0825c	Conserved protein	918.912	23409.8
Rv0826	Rv0826	Conserved hypothetical protein	919.634	40249
Rv0831c	Rv0831c	Conserved protein	922.894	30189.2
Rv0836c	Rv0836c	Hypothetical protein	932.279	23869.9
Rv0837c	Rv0837c	Hypothetical protein	933.003	36896
Rv0839	Rv0839	Conserved hypothetical protein	935.577	29608.3
Rv0854	Rv0854	Conserved protein	951.183	16345.6
Rv0856	Rv0856	Conserved hypothetical protein	952.825	14830.8
Rv0857	Rv0857	Conserved hypothetical protein	953.257	17617.1
Rv0862c	Rv0862c	Conserved protein	960.342	79666.5
Rv0863	Rv0863	Conserved hypothetical protein	962.599	10079.3
Rv0874c	Rv0874c	Conserved hypothetical protein	972.546	40370
Rv0877	Rv0877	Conserved hypothetical protein	976.075	27437.4
Rv0883c	Rv0883c	Conserved hypothetical protein	980.506	27372.9
Rv0885	Rv0885	Conserved hypothetical protein	982.762	39798
Rv0887c	Rv0887c	Conserved hypothetical protein	985.513	16098.2
Rv0898c	Rv0898c	Conserved hypothetical protein	1002.44	9920.1
Rv0906	Rv0906	Conserved protein	1008.94	40641.2
Rv0909	Rv0909	Conserved hypothetical protein	1014.68	6403.07
Rv0910	Rv0910	Conserved hypothetical protein	1014.87	15754.5
Rv0911	Rv0911	Conserved protein	1015.4	27594.7
Rv0918	Rv0918	Conserved protein	1024.21	17369.9
Rv0923c	Rv0923c	Conserved hypothetical protein	1029.51	39059.3
Rv0925c	Rv0925c	Conserved protein	1031.9	26944.3
Rv0926c	Rv0926c	Conserved hypothetical protein	1032.71	37751.3
Rv0941c	Rv0941c	Conserved hypothetical protein	1051.54	27138.1
Rv0942	Rv0942	Hypothetical protein	1052.36	9718.97
Rv0950c	Rv0950c	Conserved hypothetical protein	1060.66	35379.8
Rv0959	Rv0959	Conserved hypothetical protein	1071.26	74635.7
Rv0963c	Rv0963c	Conserved hypothetical protein	1075.3	28037.3
Rv0964c	Rv0964c	Hypothetical protein	1076.2	17316.9
Rv0965c	Rv0965c	Conserved hypothetical protein	1076.78	14479.1
Rv0966c	Rv0966c	Conserved protein	1077.23	22210.2
Rv0968	Rv0968	Conserved protein	1078.39	10263.8
Rv0976c	Rv0976c	Conserved hypothetical protein	1088.49	59091
Rv0979c	Rv0979c	Hypothetical protein	1094.67	7127.16
Rv0990c	Rv0990c	Hypothetical protein	1107.44	22550.8
Rv0991c	Rv0991c	Conserved serine rich protein	1108.17	11426.3
Rv0992c	Rv0992c	Conserved hypothetical protein	1108.58	21412.9
Rv0997	Rv0997	Hypothetical protein	1114.29	15646.4
Rv0998	Rv0998	Conserved hypothetical protein	1114.75	35607.8
Rv0999	Rv0999	Unknown protein	1115.77	25937.6
Rv1000c	Rv1000c	Conserved hypothetical protein	1116.53	22647.8
Rv1003	Rv1003	Conserved protein	1120.02	29665.1
Rv1006	Rv1006	Unknown protein	1123.71	61297.6
Rv1012	Rv1012	Hypothetical protein	1131.13	10508.7
Rv1021	Rv1021	Conserved protein	1142.67	35413.2
Rv1025	Rv1025	Conserved protein	1146.56	16593.1
Rv1043c	Rv1043c	Conserved hypothetical protein	1165.78	36089
Rv1044	Rv1044	Conserved hypothetical protein	1167.05	22513.7
Rv1045	Rv1045	Hypothetical protein	1167.67	31958.7
Rv1048c	Rv1048c	Hypothetical protein	1171.04	40216.7
Rv1051c	Rv1051c	Conserved hypothetical protein	1173.94	28285.2
Rv1052	Rv1052	Hypothetical protein	1175.72	14136.1
Rv1053c	Rv1053c	Hypothetical protein	1176.01	10325.8
Rv1056	Rv1056	Conserved protein	1177.63	28945.6
Rv1057	Rv1057	Conserved hypothetical protein	1179.4	40710.6
Rv1059	Rv1059	Conserved protein	1182.39	36878.2
Rv1060	Rv1060	Unknown protein	1183.51	16866.5
Rv1061	Rv1061	Conserved protein	1184.02	32037.8
Rv1062	Rv1062	Conserved hypothetical protein	1184.88	29247.2
Rv1063c	Rv1063c	Conserved hypothetical protein	1185.74	37522.7
Rv1065	Rv1065	Conserved hypothetical protein	1187.44	20602.2
Rv1066	Rv1066	Conserved hypothetical protein	1188	14032.9
Rv1069c	Rv1069c	Conserved protein	1192.51	64341.5
Rv1073	Rv1073	Conserved hypothetical protein	1197.23	32042.9
Rv1078	pra	Probable proline-rich antigen homolog Pra	1203.31	25076
Rv1083	Rv1083	Conserved hypothetical protein	1207.38	9263.54
Rv1084	Rv1084	Conserved protein	1207.64	71050.3
Rv1100	Rv1100	Conserved protein	1228.68	24562.7
Rv1109c	Rv1109c	Conserved protein	1235.46	22957.2
Rv1111c	Rv1111c	Conserved hypothetical protein	1237.21	36984.7
Rv1112	Rv1112	Probable GTP binding protein	1238.26	38065.2
Rv1116	Rv1116	Hypothetical protein	1241	7296.11
Rv1116A	Rv1116A	Conserved hypothetical protein (fragment)	1241.11	9044
Rv1117	Rv1117	Conserved protein	1241.63	12049.6
Rv1118c	Rv1118c	Conserved protein	1241.97	32157.5
Rv1119c	Rv1119c	Hypothetical protein	1242.86	5059.66
Rv1120c	Rv1120c	Conserved hypothetical protein	1243.01	18060.5
Rv1125	Rv1125	Conserved hypothetical protein	1248.08	44205.8
Rv1126c	Rv1126c	Conserved protein	1249.33	22197.3
Rv1134	Rv1134	Hypothetical protein	1261.92	8195.07
Rv1137c	Rv1137c	Hypothetical protein	1265.09	12343.9
Rv1147	Rv1147	Conserved protein	1274.9	23404.8
Rv1154c	Rv1154c	Hypothetical protein	1280.84	22999.2
Rv1156	Rv1156	Conserved protein	1282.31	20839.9
Rv1157c	Rv1157c	Conserved ala-, pro-rich protein	1283.06	36448.3
Rv1158c	Rv1158c	Conserved hypothetical ala-, pro-rich protein	1284.18	21401.1
Rv1159A	Rv1159A	Unknown protein	1286.28	10379.8
Rv1171	Rv1171	Conserved hypothetical protein	1301.31	15185.8
Rv1176c	Rv1176c	Conserved hypothetical protein	1308.22	21076.8
Rv1179c	Rv1179c	Unknown protein	1310.48	100642
Rv1186c	Rv1186c	Conserved protein	1327.69	57529.5
Rv1190	Rv1190	Conserved hypothetical protein	1332.98	31804.4
Rv1191	Rv1191	Conserved protein	1333.93	32611.6
Rv1192	Rv1192	Unknown protein	1334.93	30212.8
Rv1194c	Rv1194c	Conserved protein	1337.25	46066
Rv1203c	Rv1203c	Hypothetical protein	1346.32	19873.8
Rv1204c	Rv1204c	Conserved hypothetical protein	1346.94	59219.2
Rv1205	Rv1205	Conserved hypothetical protein	1348.72	20013.8
Rv1209	Rv1209	Conserved protein	1353.16	13089
Rv1211	Rv1211	Conserved protein	1354.24	7809.94
Rv1215c	Rv1215c	Conserved protein	1357.76	62578.9
Rv1225c	Rv1225c	Conserved hypothetical protein	1367.89	29089.3
Rv1232c	Rv1232c	Conserved protein	1374.86	47374.4
Rv1251c	Rv1251c	Conserved hypothetical protein	1395.82	123117
Rv1261c	Rv1261c	Conserved protein	1409.48	16756
Rv1262c	Rv1262c	Hypothetical hit-like protein	1409.94	15681.1
Rv1265	Rv1265	Unknown protein	1413.26	25229.7
Rv1268c	Rv1268c	Hypothetical protein	1417.66	23973.6
Rv1276c	Rv1276c	Conserved hypothetical protein	1425.44	16461.7
Rv1277	Rv1277	Conserved hypothetical protein	1426.16	44758.6
Rv1278	Rv1278	Hypothetical protein	1427.41	93318.8
Rv1287	Rv1287	Conserved hypothetical protein	1440.81	17209.4
Rv1288	Rv1288	Conserved protein	1441.35	49618.9
Rv1289	Rv1289	Unknown protein	1442.77	23549.8
Rv1290c	Rv1290c	Conserved protein	1443.48	55995.7
Rv1290A	Rv1290A	Hypothetical protein	1445.06	10681.3
Rv1301	Rv1301	Conserved protein	1457.56	22552.7
Rv1314c	Rv1314c	Conserved protein	1469.67	20694.4
Rv1321	Rv1321	Conserved hypothetical protein	1484.28	25061.7
Rv1322	Rv1322	Conserved hypothetical protein	1484.98	11333.8
Rv1322A	Rv1322A	Conserved protein	1485.31	16594.1
Rv1331	Rv1331	Conserved hypothetical protein	1500.66	11221.8
Rv1339	Rv1339	Conserved protein	1505.92	29154
Rv1341	Rv1341	Conserved protein	1507.57	20983.8
Rv1351	Rv1351	Hypothetical protein	1518.23	12054
Rv1352	Rv1352	Conserved protein	1518.76	12849.7
Rv1354c	Rv1354c	Conserved hypothetical protein	1520.01	67653.1
Rv1356c	Rv1356c	Hypothetical protein	1524.03	28448.5
Rv1357c	Rv1357c	Conserved hypothetical protein	1525.29	33982.1
Rv1366	Rv1366	Hypothetical protein	1538.39	30100.1
Rv1366A	Rv1366A	Conserved protein	1539.18	9772.96
Rv1367c	Rv1367c	Conserved protein	1539.51	41325.4
Rv1372	Rv1372	Conserved hypothetical protein	1544.82	42032.5
Rv1374c	Rv1374c	Hypothetical protein	1547.07	16823.4
Rv1375	Rv1375	Conserved hypothetical protein	1547.83	47219.2
Rv1376	Rv1376	Conserved hypothetical protein	1549.15	54517.1
Rv1378c	Rv1378c	Conserved hypothetical protein	1551.23	51255.5
Rv1413	Rv1413	Conserved hypothetical protein	1589.39	17607.6
Rv1414	Rv1414	Conserved hypothetical protein	1589.89	14298.4
Rv1419	Rv1419	Unknown protein	1593.51	16853.1
Rv1421	Rv1421	Conserved protein	1595.98	32912.5
Rv1422	Rv1422	Conserved hypothetical protein	1596.88	35823.2
Rv1428c	Rv1428c	Conserved hypothetical protein	1603.93	29894.2
Rv1429	Rv1429	Conserved protein	1604.88	46866.7
Rv1434	Rv1434	Hypothetical protein	1612.26	4605.94
Rv1439c	Rv1439c	Unknown protein	1616.96	16026.5
Rv1443c	Rv1443c	Unknown protein	1622.21	18284.1
Rv1444c	Rv1444c	Unknown protein	1623.29	15023.1
Rv1455	Rv1455	Conserved protein	1640.68	31426.7
Rv1461	Rv1461	Conserved protein	1646.99	94171.4
Rv1462	Rv1462	Conserved hypothetical protein	1649.53	42522.6
Rv1466	Rv1466	Conserved protein	1653.23	12383.8
Rv1480	Rv1480	Conserved protein	1670.41	34301.3
Rv1482c	Rv1482c	Conserved hypothetical protein	1672.46	31664.2
Rv1486c	Rv1486c	Conserved hypothetical protein	1676.02	30129.1
Rv1489	Rv1489	Conserved protein	1678.55	12305.7
Rv1489A	Rv1489A	Conserved protein	1678.94	8069.18
Rv1498A	Rv1498A	Conserved protein	1690.13	7628.64
Rv1499	Rv1499	Hypothetical protein	1690.41	13938.7
Rv1501	Rv1501	Conserved hypothetical protein	1691.89	30906.2
Rv1503c	Rv1503c	Conserved hypothetical protein	1694	21096
Rv1504c	Rv1504c	Conserved hypothetical protein	1694.55	21317.3
Rv1505c	Rv1505c	Conserved hypothetical protein	1695.28	24056.3
Rv1507c	Rv1507c	Conserved protein	1696.73	27072.6
Rv1508A	Rv1508A	Conserved hypothetical protein	1699.87	13317.1
Rv1513	Rv1513	Conserved protein	1705.06	26684.3
Rv1514c	Rv1514c	Conserved hypothetical protein	1705.81	28932.8
Rv1515c	Rv1515c	Conserved hypothetical protein	1706.63	33460.9
Rv1518	Rv1518	Conserved hypothetical protein	1709.64	36056.7
Rv1519	Rv1519	Conserved hypothetical protein	1710.73	9181.59
Rv1525	wbbL2	Possible rhamnosyl transferase WbbL2	1720.02	28760.7
Rv1531	Rv1531	Conserved protein	1732.47	20795.7
Rv1532c	Rv1532c	Conserved hypothetical protein	1733.12	16007.1
Rv1533	Rv1533	Conserved protein	1733.61	39620
Rv1535	Rv1535	Unknown protein	1735.98	8275.7
Rv1540	Rv1540	Conserved hypothetical protein member of yabO/yceC/yfiI family	1742.84	33016.7
Rv1545	Rv1545	Hypothetical protein	1746.92	7689.77
Rv1546	Rv1546	Conserved protein	1747.19	15324.5
Rv1558	Rv1558	Conserved protein	1762.95	16347.5
Rv1571	Rv1571	Conserved protein	1778.54	18100
Rv1590	Rv1590	Conserved hypothetical protein	1791.33	8602.83
Rv1592c	Rv1592c	Conserved hypothetical protein	1792.4	48043.1
Rv1593c	Rv1593c	Conserved protein	1794	25907.8
Rv1597	Rv1597	Hypothetical protein	1798.29	27930.6
Rv1598c	Rv1598c	Conserved protein	1799.07	14892.4
Rv1628c	Rv1628c	Conserved protein	1830.07	17721.9
Rv1632c	Rv1632c	Hypothetical protein	1836.39	16598.5
Rv1637c	Rv1637c	Conserved protein	1842.9	27936.3
Rv1638A	Rv1638A	Conserved hypothetical protein	1846.72	9507.24
Rv1645c	Rv1645c	Conserved hypothetical protein	1854.4	39864.1
Rv1669	Rv1669	Hypothetical protein	1895.72	12779.4
Rv1670	Rv1670	Conserved hypothetical protein	1896.12	13109.9
Rv1673c	Rv1673c	Conserved hypothetical protein	1898.3	33989.3
Rv1676	Rv1676	Unknown protein	1901.05	25859.2
Rv1680	Rv1680	Hypothetical protein	1904.43	30214
Rv1682	Rv1682	Probable coiled-coil structural protein	1906.4	34634
Rv1684	Rv1684	Conserved hypothetical protein	1910.59	8289.54
Rv1685c	Rv1685c	Conserved hypothetical protein	1910.78	22291.7
Rv1691	Rv1691	Conserved hypothetical protein	1915.95	26650
Rv1693	Rv1693	Conserved hypothetical protein	1917.76	6094.8
Rv1697	Rv1697	Conserved hypothetical protein	1921.54	42422.8
Rv1706A	Rv1706A	Conserved hypothetical protein	1934.48	5915.05
Rv1711	Rv1711	Conserved hypothetical protein	1938.84	27578.8
Rv1716	Rv1716	Conserved hypothetical protein	1943.58	30073
Rv1717	Rv1717	Conserved hypothetical protein	1944.41	12723.5
Rv1718	Rv1718	Conserved hypothetical protein	1944.81	29243.8
Rv1724c	Rv1724c	Hypothetical protein	1950.63	16229.5
Rv1725c	Rv1725c	Conserved hypothetical protein	1951.04	26721.8
Rv1727	Rv1727	Conserved hypothetical protein	1953.27	19910.5
Rv1728c	Rv1728c	Conserved hypothetical protein	1953.86	27197.8
Rv1732c	Rv1732c	Conserved protein	1959.24	19398.9
Rv1734c	Rv1734c	Conserved hypothetical protein	1960.77	8314.53
Rv1738	Rv1738	Conserved protein	1965.66	10606.1
Rv1748	Rv1748	Unknown protein	1976.6	27066.8
Rv1752	Rv1752	Conserved hypothetical protein	1981.13	15898.1
Rv1754c	Rv1754c	Conserved protein	1984.98	60608.4
Rv1762c	Rv1762c	Unknown protein	1995.05	28754.5
Rv1765c	Rv1765c	Conserved hypothetical protein	1997.42	40091.2
Rv1766	Rv1766	Conserved protein	1999.74	9135.58
Rv1767	Rv1767	Conserved protein	2000.07	12491.2
Rv1769	Rv1769	Conserved protein	2002.63	45380.9
Rv1770	Rv1770	Conserved protein	2003.88	45972.6
Rv1772	Rv1772	Hypothetical protein	2006.64	10878.2
Rv1775	Rv1775	Conserved hypothetical protein	2009.17	29751.5
Rv1778c	Rv1778c	Unknown protein	2012.08	15828
Rv1780	Rv1780	Conserved protein	2014.7	20456.5
Rv1794	Rv1794	Conserved protein	2031.07	32399.6
Rv1804c	Rv1804c	Conserved protein	2047.02	11197.9
Rv1805c	Rv1805c	Hypothetical protein	2047.69	12703.3
Rv1810	Rv1810	Conserved protein	2052.93	12142
Rv1813c	Rv1813c	Conserved hypothetical protein	2055.68	14981.3
Rv1815	Rv1815	Conserved protein	2057.53	22786.7
Rv1823	Rv1823	Conserved protein	2069.7	31903.3
Rv1825	Rv1825	Conserved protein	2071.04	30612.8
Rv1827	garA	Conserved protein with FHA domain, GarA	2072.6	17218.8
Rv1828	Rv1828	Conserved protein	2073.08	26411.3
Rv1829	Rv1829	Conserved protein	2073.94	18114.5
Rv1830	Rv1830	Conserved hypothetical protein	2074.84	23987.8
Rv1831	Rv1831	Hypothetical protein	2075.57	9696.17
Rv1835c	Rv1835c	Conserved hypothetical protein	2080.7	69931.6
Rv1836c	Rv1836c	Conserved protein	2082.6	69676.8
Rv1847	Rv1847	Conserved protein	2096.88	15066
Rv1864c	Rv1864c	Conserved protein	2111.35	27207.8
Rv1868	Rv1868	Conserved hypothetical protein	2117.35	74365.1
Rv1870c	Rv1870c	Conserved hypothetical protein	2120.79	23080
Rv1871c	Rv1871c	Conserved protein	2121.5	14662.9
Rv1873	Rv1873	Conserved hypothetical protein	2123.17	16207.5
Rv1874	Rv1874	Unknown protein	2123.68	24899.2
Rv1875	Rv1875	Conserved protein	2124.38	15979.1
Rv1879	Rv1879	Conserved hypothetical protein	2129.38	41865.1
Rv1883c	Rv1883c	Conserved hypothetical protein	2133.23	17280.7
Rv1887	Rv1887	Hypothetical protein	2136.26	39533.6
Rv1888A	Rv1888A	Conserved hypothetical protein	2138.44	6236.06
Rv1889c	Rv1889c	Conserved hypothetical protein	2138.66	12716.3
Rv1890c	Rv1890c	Hypothetical protein	2139.08	22111
Rv1891	Rv1891	Conserved protein	2139.74	14108.9
Rv1893	Rv1893	Conserved hypothetical protein	2140.49	7467.22
Rv1894c	Rv1894c	Conserved hypothetical protein	2140.74	40185.7
Rv1896c	Rv1896c	Conserved hypothetical protein	2143.53	33267.4
Rv1897c	Rv1897c	Conserved hypothetical protein	2144.45	15084.4
Rv1898	Rv1898	Conserved hypothetical protein	2144.94	10920.6
Rv1904	Rv1904	Conserved hypothetical protein	2150.95	14944.2
Rv1906c	Rv1906c	Conserved protein	2152.43	15536.5
Rv1907c	Rv1907c	Hypothetical protein	2153.24	24034.6
Rv1913	Rv1913	Conserved hypothetical protein	2159.19	26844.1
Rv1914c	Rv1914c	Unknown protein	2159.92	14719.3
Rv1919c	Rv1919c	Conserved protein	2171.06	16803.1
Rv1924c	Rv1924c	Unknown protein	2176.55	14166
Rv1927	Rv1927	Conserved hypothetical protein	2179.67	28554
Rv1929c	Rv1929c	Conserved hypothetical protein	2181.26	23977.7
Rv1930c	Rv1930c	Conserved hypothetical protein	2181.92	18662.5
Rv1944c	Rv1944c	Conserved protein	2195.34	20795.2
Rv1947	Rv1947	Hypothetical protein	2198.02	14938.9
Rv1948c	Rv1948c	Hypothetical protein	2198.71	12792.3
Rv1949c	Rv1949c	Conserved hypothetical protein	2199.07	34487.3
Rv1950c	Rv1950c	Conserved hypothetical protein	2200	7321.1
Rv1951c	Rv1951c	Conserved hypothetical protein	2200.19	9751.98
Rv1954c	Rv1954c	Hypothetical protein	2201.22	18481.1
Rv1957	Rv1957	Hypothetical protein	2202.58	20106.4
Rv1958c	Rv1958c	Hypothetical protein	2203.02	21792.1
Rv1961	Rv1961	Hypothetical protein	2204.21	17790.1
Rv1975	Rv1975	Conserved hypothetical protein	2218.05	23649.4
Rv1976c	Rv1976c	Conserved hypothetical protein	2218.84	14997
Rv1977	Rv1977	Conserved protein	2219.75	38307.9
Rv1978	Rv1978	Conserved protein	2220.91	30584.1
Rv1989c	Rv1989c	Hypothetical protein	2232.74	20248.7
Rv1993c	Rv1993c	Conserved protein	2237.3	9333.73
Rv1995	Rv1995	Unknown protein	2238.14	28040.7
Rv1998c	Rv1998c	Conserved protein	2242.95	27253.4
Rv2000	Rv2000	Unknown protein	2245.21	59894.8
Rv2001	Rv2001	Conserved hypothetical protein	2246.83	28701.5
Rv2003c	Rv2003c	Conserved hypothetical protein	2248.56	31017.4
Rv2004c	Rv2004c	Conserved protein	2249.48	54422.5
Rv2008c	Rv2008c	Conserved hypothetical protein	2256.62	48392.8
Rv2012	Rv2012	Conserved hypothetical protein	2259.33	18202.6
Rv2015c	Rv2015c	Conserved hypothetical protein	2261.82	45710.5
Rv2016	Rv2016	Hypothetical protein	2263.43	21358.2
Rv2018	Rv2018	Conserved protein	2265.28	26034.5
Rv2019	Rv2019	Conserved protein	2265.99	15492.9
Rv2020c	Rv2020c	Conserved hypothetical protein	2266.42	11080.7
Rv2022c	Rv2022c	Conserved protein	2267.12	22745
Rv2023c	Rv2023c	Hypothetical protein	2267.75	12632.4
Rv2023A	Rv2023A	Hypothetical protein, pseudogene	2268.27	17650.1
Rv2024c	Rv2024c	Conserved hypothetical protein	2268.69	57273.9
Rv2030c	Rv2030c	Conserved protein	2276.44	74898.2
Rv2032	acg	Conserved protein Acg	2279.13	36559.3
Rv2033c	Rv2033c	Conserved hypothetical protein	2280.24	30438.7
Rv2035	Rv2035	Conserved hypothetical protein	2281.61	18514.9
Rv2036	Rv2036	Conserved hypothetical protein	2282.1	23171.9
Rv2042c	Rv2042c	Conserved protein	2287.88	29091.2
Rv2044c	Rv2044c	Conserved hypothetical protein	2289.28	11886.2
Rv2047c	Rv2047c	Conserved hypothetical protein	2291.96	91352.8
Rv2049c	Rv2049c	Conserved hypothetical protein	2307.29	7829.73
Rv2050	Rv2050	Conserved protein	2307.82	12971.7
Rv2052c	Rv2052c	Conserved protein	2310.91	55821.8
Rv2054	Rv2054	Conserved protein	2313.12	25183.1
Rv2059	Rv2059	Conserved hypothetical protein	2315.17	54525.5
Rv2061c	Rv2061c	Conserved protein	2316.68	14782
Rv2067c	Rv2067c	Conserved protein	2324.65	45898.4
Rv2076c	Rv2076c	Conserved hypothetical protein	2333.04	9044.8
Rv2077A	Rv2077A	Conserved hypothetical protein	2334.29	9608.66
Rv2078	Rv2078	Conserved hypothetical protein	2335.06	10906.1
Rv2079	Rv2079	Conserved hypothetical protein	2335.35	69823.3
Rv2082	Rv2082	Conserved hypothetical protein	2338.71	73532.6
Rv2083	Rv2083	Conserved hypothetical protein	2340.87	30773.7
Rv2102	Rv2102	Conserved hypothetical protein	2363.39	25751.1
Rv2114	Rv2114	Conserved protein	2373.83	22774.7
Rv2117	Rv2117	Conserved hypothetical protein	2377.15	10850.3
Rv2119	Rv2119	Conserved hypothetical protein	2378.39	30926.2
Rv2125	Rv2125	Conserved hypothetical protein	2386.29	31808.7
Rv2132	Rv2132	Conserved hypothetical protein	2393.41	8240.19
Rv2133c	Rv2133c	Conserved hypothetical protein	2393.85	28284.5
Rv2134c	Rv2134c	Conserved protein	2394.65	21216.9
Rv2135c	Rv2135c	Conserved protein	2395.3	25122.4
Rv2137c	Rv2137c	Conserved hypothetical protein	2396.9	14964.9
Rv2140c	TB18.6	Conserved protein TB18.6	2399.8	18634
Rv2143	Rv2143	Conserved hypothetical protein	2402.98	37983.1
Rv2147c	Rv2147c	Conserved hypothetical protein	2406.12	27629.7
Rv2148c	Rv2148c	Conserved protein	2406.84	27693.4
Rv2149c	yfiH	Conserved protein YfiH	2407.62	25946.5
Rv2159c	Rv2159c	Conserved protein	2420.63	36376.5
Rv2165c	Rv2165c	Conserved protein	2428.24	42497.2
Rv2166c	Rv2166c	Conserved protein	2429.43	15911.8
Rv2172c	Rv2172c	Conserved protein	2433.63	33006.9
Rv2179c	Rv2179c	Conserved hypothetical protein	2441.81	19488
Rv2182c	Rv2182c	1-acylglycerol-3-phosphate O-acyltransferase	2444.59	26955.1
Rv2183c	Rv2183c	Conserved protein	2445.42	13322.1
Rv2184c	Rv2184c	Conserved hypothetical protein	2445.81	40838.9
Rv2185c	TB16.3	Conserved protein TB16.3	2447.07	16292.7
Rv2186c	Rv2186c	Conserved hypothetical protein	2447.6	14573.8
Rv2189c	Rv2189c	Conserved hypothetical protein	2451.25	27093.7
Rv2204c	Rv2204c	Conserved protein	2468.93	12543.9
Rv2205c	Rv2205c	Conserved hypothetical protein	2469.39	35592.6
Rv2216	Rv2216	Conserved protein	2483.63	31671.9
Rv2226	Rv2226	Conserved protein	2498.83	56333.2
Rv2227	Rv2227	Conserved hypothetical protein	2500.93	26582.4
Rv2229c	Rv2229c	Conserved protein	2502.74	26850.9
Rv2230c	Rv2230c	Conserved protein	2503.47	39597.8
Rv2237	Rv2237	Conserved protein	2509.49	29067.5
Rv2237A	Rv2237A	Conserved protein	2510.35	8475.68
Rv2239c	Rv2239c	Conserved hypothetical protein	2511.18	16962.9
Rv2240c	Rv2240c	Unknown protein	2511.69	20051.6
Rv2242	Rv2242	Conserved hypothetical protein	2515.3	44605.6
Rv2248	Rv2248	Conserved hypothetical protein	2522.36	30119.8
Rv2255c	Rv2255c	Hypothetical protein	2528.98	6940.06
Rv2256c	Rv2256c	Conserved hypothetical protein	2529.34	18896.3
Rv2257c	Rv2257c	Conserved protein	2530	28385.1
Rv2260	Rv2260	Conserved hypothetical protein	2533.33	22137.6
Rv2264c	Rv2264c	Conserved hypothetical proline rich protein	2536.57	59847.6
Rv2267c	Rv2267c	Conserved hypothetical protein	2541.64	46061.9
Rv2269c	Rv2269c	Hypothetical protein	2544.29	11665.4
Rv2271	Rv2271	Conserved hypothetical protein	2545.33	11534.9
Rv2275	Rv2275	Conserved hypothetical protein	2546.88	31612.4
Rv2283	Rv2283	Hypothetical protein	2555.94	6557.36
Rv2286c	Rv2286c	Conserved hypothetical protein	2558.88	25642.3
Rv2288	Rv2288	Hypothetical protein	2561.33	14135.2
Rv2293c	Rv2293c	Conserved hypothetical protein	2564.29	25223
Rv2295	Rv2295	Conserved hypothetical protein	2566.77	23310.8
Rv2297	Rv2297	Unknown protein	2568.44	16467.9
Rv2298	Rv2298	Conserved protein	2569.08	34986.1
Rv2300c	Rv2300c	Conserved protein	2572.08	34352.2
Rv2302	Rv2302	Conserved protein	2573.81	8590.51
Rv2304c	Rv2304c	Hypothetical protein	2575.02	7411.16
Rv2305	Rv2305	Unknown protein	2575.81	46124
Rv2307c	Rv2307c	Conserved hypothetical protein	2577.85	29671.2
Rv2307A	Rv2307A	Hypothetical glycine rich protein	2579.23	7274.51
Rv2307B	Rv2307B	Hypothetical glycine rich protein	2579.5	14553.5
Rv2307D	Rv2307D	Hypothetical protein	2580.03	6696.76
Rv2308	Rv2308	Conserved hypothetical protein	2580.42	26688.6
Rv2309A	Rv2309A	Hypothetical protein	2583.04	10580.7
Rv2311	Rv2311	Conserved hypothetical protein	2583.88	18778.7
Rv2312	Rv2312	Hypothetical protein	2584.49	9492.71
Rv2313c	Rv2313c	Hypothetical protein	2585.05	30490.6
Rv2314c	Rv2314c	Conserved protein	2585.92	48712
Rv2315c	Rv2315c	Conserved protein	2587.29	54546.1
Rv2323c	Rv2323c	Conserved protein	2595.36	32959.6
Rv2325c	Rv2325c	Conserved hypothetical protein	2597.01	29955.7
Rv2327	Rv2327	Conserved protein	2599.99	17207.8
Rv2331	Rv2331	Hypothetical protein	2604.3	13704
Rv2331A	Rv2331A	Hypothetical protein	2604.74	12361.1
Rv2336	Rv2336	Hypothetical protein	2610.84	35263.7
Rv2337c	Rv2337c	Hypothetical protein	2611.87	41272.4
Rv2342	Rv2342	Conserved hypothetical protein	2620.27	9187.59
Rv2360c	Rv2360c	Unknown protein	2642.15	15347.6
Rv2365c	Rv2365c	Conserved hypothetical protein	2646.75	11130.8
Rv2367c	Rv2367c	Conserved hypothetical protein	2648.36	20290.9
Rv2369c	Rv2369c	Hypothetical protein	2649.95	10861.4
Rv2370c	Rv2370c	Conserved hypothetical protein	2650.25	48349.8
Rv2372c	Rv2372c	Conserved hypothetical protein	2652.04	27652.8
Rv2375	Rv2375	Conserved hypothetical protein	2655.26	12025.7
Rv2387	Rv2387	Conserved protein	2680.76	45008.5
Rv2390c	Rv2390c	Conserved hypothetical protein	2683.71	19856.7
Rv2395A	aprA	Acid and phagosome regulated protein A AprA	2692.22	7909.05
Rv2395B	aprB	Acid and phagosome regulated protein B AprB	2692.55	5722.64
Rv2401	Rv2401	Hypothetical protein	2697.73	12205.6
Rv2402	Rv2402	Conserved protein	2698.53	72734
Rv2405	Rv2405	Conserved protein	2703.27	21241.1
Rv2406c	Rv2406c	Conserved protein	2704.01	15053.5
Rv2407	Rv2407	Conserved hypothetical protein	2704.7	28706.5
Rv2409c	Rv2409c	Conserved protein	2706.49	31028.8
Rv2410c	Rv2410c	Conserved protein	2707.33	36020.6
Rv2411c	Rv2411c	Conserved hypothetical protein	2708.31	61383.4
Rv2413c	Rv2413c	Conserved hypothetical protein	2710.35	33113.7
Rv2414c	Rv2414c	Conserved hypothetical protein	2711.33	52812.7
Rv2415c	Rv2415c	Conserved hypothetical protein	2712.89	30501.4
Rv2417c	Rv2417c	Conserved protein	2715.47	28455.7
Rv2418c	Rv2418c	Unknown protein	2716.4	27225.2
Rv2420c	Rv2420c	Conserved hypothetical protein	2717.8	13826.5
Rv2422	Rv2422	Hypothetical protein	2719.08	9211.57
Rv2423	Rv2423	Hypothetical protein	2719.6	38958.2
Rv2425c	Rv2425c	Conserved hypothetical protein	2721.87	52558.2
Rv2426c	Rv2426c	Conserved hypothetical protein	2723.31	31918.7
Rv2432c	Rv2432c	Hypothetical protein	2728.44	14377.8
Rv2433c	Rv2433c	Hypothetical protein	2728.84	10078.6
Rv2438A	Rv2438A	Conserved hypothetical protein	2736.71	9718.9
Rv2449c	Rv2449c	Conserved protein	2750.31	44346.5
Rv2451	Rv2451	Hypothetical proline and serine rich protein	2752.26	13784.4
Rv2452c	Rv2452c	Hypothetical protein	2752.85	4990.95
Rv2466c	Rv2466c	Conserved protein	2768.26	23035
Rv2468c	Rv2468c	Conserved protein	2771.64	17288.6
Rv2468A	Rv2468A	Conserved protein	2772.1	8239.45
Rv2469c	Rv2469c	Conserved hypothetical protein	2772.37	24405.2
Rv2472	Rv2472	Conserved hypothetical protein	2775.27	10347.9
Rv2474c	Rv2474c	Conserved hypothetical protein	2776.32	23269.6
Rv2475c	Rv2475c	Conserved protein	2776.98	15733
Rv2478c	Rv2478c	Conserved hypothetical protein	2784.12	16675.7
Rv2481c	Rv2481c	Hypothetical protein	2786.57	11234.6
Rv2489c	Rv2489c	Hypothetical alanine rich protein	2800.85	9934.01
Rv2491	Rv2491	Conserved hypothetical protein	2806.67	21667.6
Rv2492	Rv2492	Hypothetical protein	2807.28	28818.1
Rv2510c	Rv2510c	Conserved protein	2825.49	56546.7
Rv2513	Rv2513	Hypothetical protein	2830.16	14897.6
Rv2514c	Rv2514c	Conserved hypothetical protein	2830.88	17122.4
Rv2515c	Rv2515c	Conserved hypothetical protein	2831.34	45767.1
Rv2516c	Rv2516c	Hypothetical protein	2832.71	29355.3
Rv2517c	Rv2517c	Unknown protein	2833.51	9532.82
Rv2522c	Rv2522c	Conserved hypothetical protein	2838.13	49293.4
Rv2525c	Rv2525c	Conserved hypothetical protein. Secreted; predicted to be a substrate of the twin arginine translocation (tat) export system.	2849.85	25369.6
Rv2529	Rv2529	Hypothetical protein	2852.88	50160.1
Rv2532c	Rv2532c	Hypothetical protein	2857.85	14272.8
Rv2541	Rv2541	Hypothetical alanine rich protein	2864.43	13403.2
Rv2542	Rv2542	Conserved hypothetical protein	2865.13	42448.1
Rv2548A	Rv2548A	Conserved protein	2869.25	13943.4
Rv2551c	Rv2551c	Conserved hypothetical protein	2870.77	13793.8
Rv2554c	Rv2554c	Conserved protein	2873.26	18033.4
Rv2556c	Rv2556c	Conserved hypothetical protein	2876.58	13892.6
Rv2557	Rv2557	Conserved protein	2877.07	24277.3
Rv2558	Rv2558	Conserved protein	2877.83	25700.4
Rv2559c	Rv2559c	Conserved hypothetical alanine leucine valine rich protein	2878.57	47499.2
Rv2561	Rv2561	Conserved hypothetical protein	2881.41	10637.3
Rv2562	Rv2562	Conserved hypothetical protein	2881.76	14319.4
Rv2565	Rv2565	Conserved protein	2884.61	62123.8
Rv2566	Rv2566	Long conserved protein	2886.37	124504
Rv2567	Rv2567	Conserved hypothetical alanine and leucine rich protein	2889.79	95448.6
Rv2568c	Rv2568c	Conserved hypothetical protein	2892.45	38002.6
Rv2569c	Rv2569c	Conserved hypothetical protein	2893.46	34378.5
Rv2570	Rv2570	Conserved hypothetical protein	2894.51	14232.2
Rv2573	Rv2573	Conserved hypothetical protein	2898.04	26184
Rv2574	Rv2574	Conserved protein	2898.81	19001.9
Rv2577	Rv2577	Conserved protein	2900.92	57239.5
Rv2578c	Rv2578c	Conserved hypothetical protein	2902.51	37175.9
Rv2598	Rv2598	Conserved hypothetical protein	2926.99	17583.8
Rv2603c	Rv2603c	Highly conserved protein	2930.8	26798.8
Rv2614A	Rv2614A	Conserved hypothetical protein	2943.38	8538.37
Rv2616	Rv2616	Conserved protein	2945.33	17801.3
Rv2618	Rv2618	Conserved hypothetical protein	2946.43	24208.6
Rv2619c	Rv2619c	Conserved protein	2947.1	12321.7
Rv2626c	hrp1	Hypoxic response protein 1 Hrp1	2952.56	15517.7
Rv2627c	Rv2627c	Conserved protein	2953.51	46252.3
Rv2628	Rv2628	Hypothetical protein	2955.06	13128.8
Rv2629	Rv2629	Conserved protein	2955.77	40839.9
Rv2630	Rv2630	Hypothetical protein	2956.89	19566.2
Rv2631	Rv2631	Conserved hypothetical protein	2957.57	45527.8
Rv2632c	Rv2632c	Conserved protein	2958.91	10083.3
Rv2633c	Rv2633c	Hypothetical protein	2959.33	18209.7
Rv2635	Rv2635	Hypothetical protein	2962.47	8937.05
Rv2636	Rv2636	Conserved hypothetical protein	2962.71	25717.2
Rv2638	Rv2638	Conserved hypothetical protein	2964.41	15419.7
Rv2641	cadI	Cadmium inducible protein CadI	2965.94	16030.9
Rv2644c	Rv2644c	Hypothetical protein	2968.53	11629.1
Rv2660c	Rv2660c	Hypothetical protein	2980.96	7550.32
Rv2661c	Rv2661c	Hypothetical protein	2981.19	13700.5
Rv2662	Rv2662	Hypothetical protein	2981.48	9901.25
Rv2663	Rv2663	Hypothetical protein	2981.85	8906.23
Rv2664	Rv2664	Hypothetical protein	2982.1	8953.95
Rv2665	Rv2665	Hypothetical arginine rich protein	2982.7	10458.2
Rv2670c	Rv2670c	Conserved hypothetical protein	2985.73	39659.2
Rv2675c	Rv2675c	Conserved hypothetical protein	2991.18	27545.1
Rv2676c	Rv2676c	Conserved protein	2991.93	26249.8
Rv2680	Rv2680	Conserved protein	2996.1	22555.1
Rv2681	Rv2681	Conserved hypothetical alanine rich protein	2996.74	47224.5
Rv2683	Rv2683	Conserved protein	3000.11	17729.5
Rv2689c	Rv2689c	Conserved alanine and valine and glycine rich protein	3005.84	43209.9
Rv2694c	Rv2694c	Conserved protein	3011.4	13570.3
Rv2695	Rv2695	Conserved hypothetical alanine rich protein	3011.92	24154.5
Rv2696c	Rv2696c	Conserved alanine and glycine and valine rich protein	3012.83	27216.7
Rv2699c	Rv2699c	Conserved hypothetical protein	3014.66	10915.9
Rv2704	Rv2704	Conserved protein	3019.46	14627.5
Rv2705c	Rv2705c	Conserved hypothetical protein	3019.81	14055
Rv2706c	Rv2706c	Hypothetical protein	3020.2	8691.97
Rv2707	Rv2707	Probable conserved transmembrane alanine and leucine rich protein	3020.57	35046.9
Rv2708c	Rv2708c	Conserved hypothetical protein	3021.55	8962.19
Rv2712c	Rv2712c	Hypothetical protein	3024.27	36957.3
Rv2714	Rv2714	Conserved alanine and leucine rich protein	3027.06	35519.8
Rv2716	Rv2716	Conserved protein	3029.17	24574.3
Rv2717c	Rv2717c	Conserved protein	3029.87	17846.3
Rv2722	Rv2722	Conserved hypothetical protein	3034.64	9077.61
Rv2728c	Rv2728c	Conserved alanine rich protein	3040.77	23455.7
Rv2730	Rv2730	Hypothetical protein	3042.54	16476.5
Rv2731	Rv2731	Conserved alanine and arginine rich protein	3043.03	49796.1
Rv2733c	Rv2733c	Conserved hypothetical alanine, arginine-rich protein	3044.99	55085.5
Rv2734	Rv2734	Conserved hypothetical protein	3046.82	32253.8
Rv2735c	Rv2735c	Conserved hypothetical protein	3047.56	38129.4
Rv2737A	Rv2737A	Conserved hypothetical cysteine rich protein (fragment)	3051.62	6164.19
Rv2738c	Rv2738c	Conserved hypothetical protein	3051.81	7551.46
Rv2742c	Rv2742c	Conserved hypothetical arginine rich protein	3055.51	30850.8
Rv2744c	35kd_ag	Conserved 35 kDa alanine rich protein	3057.25	29257.9
Rv2749	Rv2749	Conserved protein	3062.5	11098.7
Rv2751	Rv2751	Conserved protein	3063.64	33610.4
Rv2752c	Rv2752c	Conserved hypothetical protein	3064.51	59500.4
Rv2762c	Rv2762c	Conserved hypothetical protein	3072.64	14276.3
Rv2771c	Rv2771c	Conserved hypothetical protein	3080.58	16000.3
Rv2774c	Rv2774c	Hypothetical protein	3082.35	13921.1
Rv2777c	Rv2777c	Conserved hypothetical protein	3084.49	40148.9
Rv2778c	Rv2778c	Conserved protein	3085.71	17268.5
Rv2787	Rv2787	Conserved hypothetical alanine rich protein	3095.11	63849.1
Rv2795c	Rv2795c	Conserved hypothetical protein	3103.94	37568.5
Rv2797c	Rv2797c	Conserved hypothetical protein	3105.62	58759.6
Rv2798c	Rv2798c	Conserved hypothetical protein	3107.31	11373.7
Rv2802c	Rv2802c	Hypothetical arginine and alanine rich protein	3110.78	38793.9
Rv2803	Rv2803	Conserved hypothetical protein	3111.82	17406.7
Rv2804c	Rv2804c	Hypothetical protein	3112.47	22472.9
Rv2805	Rv2805	Conserved hypothetical protein	3112.87	14307.7
Rv2807	Rv2807	Conserved hypothetical protein	3113.66	42788.1
Rv2808	Rv2808	Hypothetical protein	3115.05	9829.97
Rv2809	Rv2809	Hypothetical protein	3115.41	11742.5
Rv2811	Rv2811	Conserved hypothetical protein	3116.14	21086.3
Rv2813	Rv2813	Conserved hypothetical protein	3118.22	29192.5
Rv2816c	Rv2816c	Conserved hypothetical protein	3123.62	12867
Rv2817c	Rv2817c	Conserved hypothetical protein	3123.97	37663.7
Rv2819c	Rv2819c	Hypothetical protein	3126.24	42339.6
Rv2820c	Rv2820c	Hypothetical protein	3127.36	32300.9
Rv2821c	Rv2821c	Conserved hypothetical protein	3128.25	25773.3
Rv2822c	Rv2822c	Hypothetical protein	3128.97	14286.5
Rv2823c	Rv2823c	Conserved protein	3129.34	90747.4
Rv2824c	Rv2824c	Hypothetical protein	3131.77	34414.4
Rv2825c	Rv2825c	Conserved hypothetical protein	3132.89	23359
Rv2826c	Rv2826c	Hypothetical protein	3133.71	33056.7
Rv2827c	Rv2827c	Hypothetical protein	3134.6	32315.2
Rv2828c	Rv2828c	Conserved hypothetical protein	3135.79	19550.5
Rv2828A	Rv2828A	Conserved hypothetical protein	3136.33	9492.98
Rv2837c	Rv2837c	Conserved protein	3143.64	35383.2
Rv2840c	Rv2840c	Conserved hypothetical protein	3147.96	10601.1
Rv2842c	Rv2842c	Conserved protein	3149.43	19533.3
Rv2844	Rv2844	Conserved alanine rich protein	3150.71	16940
Rv2854	Rv2854	Unknown protein	3164.15	38191.2
Rv2862c	Rv2862c	Conserved hypothetical protein	3174.06	21021.2
Rv2868c	gcpE	Probable GcpE protein	3179.37	40450.3
Rv2879c	Rv2879c	Conserved hypothetical protein	3189.58	20413.4
Rv2880c	Rv2880c	Conserved hypothetical protein	3189.85	29598.7
Rv2891	Rv2891	Conserved hypothetical protein	3200.27	25788.7
Rv2896c	Rv2896c	Conserved hypothetical protein	3205.26	40099.7
Rv2897c	Rv2897c	Conserved hypothetical protein	3206.43	52912.9
Rv2898c	Rv2898c	Conserved hypothetical protein	3207.94	14223.5
Rv2901c	Rv2901c	Conserved protein	3211.8	12225.8
Rv2908c	Rv2908c	Conserved hypothetical protein	3216.91	8520.68
Rv2910c	Rv2910c	Conserved hypothetical protein	3217.83	17048.6
Rv2915c	Rv2915c	Conserved protein	3223.57	39737.8
Rv2917	Rv2917	Conserved hypothetical alanine and arginine rich protein	3226.36	68333.7
Rv2923c	Rv2923c	Conserved protein	3238.09	14853.8
Rv2926c	Rv2926c	Conserved protein	3240.55	22378.5
Rv2927c	Rv2927c	Conserved hypothetical protein	3241.22	26953.8
Rv2929	Rv2929	Hypothetical protein	3242.97	10744
Rv2954c	Rv2954c	Hypothetical protein	3306.67	27144.1
Rv2955c	Rv2955c	Conserved protein	3307.58	35918.3
Rv2956	Rv2956	Conserved protein	3308.67	26534.2
Rv2960c	Rv2960c	Hypothetical protein	3312.95	8432.86
Rv2970A	Rv2970A	Conserved hypothetical protein	3325.93	6336.45
Rv2974c	Rv2974c	Conserved hypothetical alanine rich protein	3329.95	46685
Rv2975c	Rv2975c	Conserved hypothetical protein	3331.36	8835.89
Rv2983	Rv2983	Conserved hypothetical alanine rich protein	3339.12	21818.7
Rv2990c	Rv2990c	Hypothetical protein	3346.86	32696.7
Rv2991	Rv2991	Conserved protein	3347.98	18203.7
Rv2998	Rv2998	Hypothetical protein	3356.81	15540.4
Rv2998A	Rv2998A	Conserved hypothetical protein	3357.23	7625.66
Rv3005c	Rv3005c	Conserved hypothetical protein	3363.69	28827.7
Rv3008	Rv3008	Hypothetical protein	3366.64	22283.1
Rv3013	Rv3013	Conserved protein	3371.81	22967.2
Rv3015c	Rv3015c	Conserved hypothetical protein	3374.65	34211.9
Rv3026c	Rv3026c	Conserved hypothetical protein	3385.16	32632.4
Rv3030	Rv3030	Conserved protein	3389.1	29984.1
Rv3031	Rv3031	Conserved protein	3389.92	57797.3
Rv3032A	Rv3032A	Conserved protein	3392.81	14298.3
Rv3033	Rv3033	Unknown protein	3393.38	19271.8
Rv3035	Rv3035	Conserved protein	3395.38	37305
Rv3037c	Rv3037c	Conserved hypothetical protein	3397.21	39049.8
Rv3038c	Rv3038c	Conserved protein	3398.43	36049.7
Rv3040c	Rv3040c	Conserved protein	3400.19	31485.2
Rv3046c	Rv3046c	Conserved protein	3407.31	13350.8
Rv3047c	Rv3047c	Hypothetical protein	3408.02	10067.4
Rv3054c	Rv3054c	Conserved hypothetical protein	3415.44	19062.6
Rv3067	Rv3067	Conserved hypothetical protein	3431.43	13926.8
Rv3071	Rv3071	Conserved hypothetical protein	3434.46	40466.2
Rv3072c	Rv3072c	Conserved hypothetical protein	3435.8	17826
Rv3073c	Rv3073c	Conserved hypothetical protein	3436.33	13750.5
Rv3074	Rv3074	Conserved hypothetical protein	3436.78	44949.9
Rv3075c	Rv3075c	Conserved protein	3438.05	33100.2
Rv3076	Rv3076	Conserved hypothetical protein	3439.07	17121.6
Rv3079c	Rv3079c	Conserved protein	3441.77	30064.4
Rv3081	Rv3081	Conserved hypothetical protein	3446.04	45788.1
Rv3090	Rv3090	Unknown alanine and valine rich protein	3458.21	32270.9
Rv3091	Rv3091	Conserved protein	3459.12	61645.5
Rv3094c	Rv3094c	Conserved hypothetical protein	3462.76	40296.8
Rv3096	Rv3096	Conserved hypothetical protein	3464.55	43129.8
Rv3098c	Rv3098c	Hypothetical protein	3467.21	15695.9
Rv3099c	Rv3099c	Conserved protein	3468.41	30475.7
Rv3103c	Rv3103c	Hypothetical proline-rich protein	3471.41	15567.7
Rv3108	Rv3108	Hypothetical protein	3477.06	16138.5
Rv3114	Rv3114	Conserved hypothetical protein	3480.76	18843.3
Rv3120	Rv3120	Conserved hypothetical protein	3485.57	21827.9
Rv3122	Rv3122	Hypothetical protein	3488.09	17146
Rv3123	Rv3123	Hypothetical protein	3488.57	18022.5
Rv3126c	Rv3126c	Hypothetical protein	3491.81	11767.4
Rv3127	Rv3127	Conserved protein	3492.15	38488.6
Rv3128c	Rv3128c	Conserved hypothetical protein	3493.17	37500.9
Rv3129	Rv3129	Conserved hypothetical protein	3494.66	12258.9
Rv3131	Rv3131	Conserved protein	3496.55	35978.4
Rv3136A	Rv3136A	Conserved protein	3502.95	11695.5
Rv3142c	Rv3142c	Hypothetical protein	3509.12	15934.7
Rv3165c	Rv3165c	Unknown protein	3533.91	18022.8
Rv3166c	Rv3166c	Conserved hypothetical protein	3534.39	33395.9
Rv3169	Rv3169	Conserved protein	3537.24	41759.8
Rv3172c	Rv3172c	Hypothetical protein	3540.88	18156.6
Rv3178	Rv3178	Conserved hypothetical protein	3546.44	13479.4
Rv3179	Rv3179	Conserved protein	3547.62	48021
Rv3180c	Rv3180c	Hypothetical alanine rich protein	3549.25	15173
Rv3181c	Rv3181c	Conserved protein	3549.69	16799.1
Rv3182	Rv3182	Conserved hypothetical protein	3550.37	12674.5
Rv3188	Rv3188	Conserved hypothetical protein	3554.3	12817.6
Rv3189	Rv3189	Conserved hypothetical protein	3554.64	22911.9
Rv3190c	Rv3190c	Hypothetical protein	3555.42	47449.9
Rv3190A	Rv3190A	Conserved protein	3556.85	7632.78
Rv3192	Rv3192	Conserved hypothetical alanine and proline-rich protein	3559.56	16285.7
Rv3195	Rv3195	Conserved hypothetical protein	3564.36	49325.4
Rv3196	Rv3196	Conserved hypothetical protein	3565.79	31613.5
Rv3196A	Rv3196A	Unknown protein	3566.7	7252.96
Rv3205c	Rv3205c	Conserved protein	3581.63	31351.9
Rv3207c	Rv3207c	Conserved protein	3583.8	31033.9
Rv3208A	TB9.4	Conserved protein TB9.4	3585.68	9400.53
Rv3209	Rv3209	Conserved hypothetical threonine and proline rich protein	3586.27	19118.8
Rv3210c	Rv3210c	Conserved protein	3586.84	25121.4
Rv3212	Rv3212	Conserved alanine valine rich protein	3589.39	42506.1
Rv3218	Rv3218	Conserved protein	3594.47	34474.5
Rv3222c	Rv3222c	Conserved hypothetical protein	3598.35	18315.5
Rv3224A	Rv3224A	Conserved hypothetical protein	3600.64	6466.39
Rv3224B	Rv3224B	Conserved hypothetical protein	3600.8	7757.85
Rv3226c	Rv3226c	Conserved hypothetical protein	3602.56	27640.4
Rv3228	Rv3228	Conserved hypothetical protein	3604.73	34857.8
Rv3231c	Rv3231c	Conserved protein	3608.36	17765
Rv3235	Rv3235	Hypothetical alanine arginine proline rich protein	3611.3	22657.8
Rv3237c	Rv3237c	Conserved protein	3613.12	17233.6
Rv3242c	Rv3242c	Conserved hypothetical protein	3621.57	22481.3
Rv3243c	Rv3243c	Unknown protein	3622.25	30689.3
Rv3254	Rv3254	Conserved hypothetical protein	3633.68	51518.1
Rv3256c	Rv3256c	Conserved protein	3636.27	35277.4
Rv3258c	Rv3258c	Conserved hypothetical protein	3638.81	16810.9
Rv3259	Rv3259	Conserved hypothetical protein	3639.43	15649
Rv3267	Rv3267	Conserved protein (CPSA-related protein)	3647.89	51281.5
Rv3268	Rv3268	Conserved hypothetical protein	3649.42	23723
Rv3272	Rv3272	Conserved hypothetical protein	3653.45	42458.6
Rv3282	Rv3282	Conserved hypothetical protein	3664.22	23010.4
Rv3284	Rv3284	Conserved hypothetical protein	3665.82	15394.7
Rv3288c	usfY	Putative protein UsfY	3669.59	15178.6
Rv3292	Rv3292	Conserved hypothetical protein	3672.33	45332
Rv3294c	Rv3294c	Conserved hypothetical protein	3675.19	29523.8
Rv3300c	Rv3300c	Conserved hypothetical protein	3685.98	33247.5
Rv3304	Rv3304	Conserved protein	3691.14	17456.6
Rv3311	Rv3311	Conserved protein	3698.12	45732.3
Rv3312c	Rv3312c	Conserved hypothetical protein	3699.4	33631.2
Rv3333c	Rv3333c	Hypothetical proline rich protein	3719.94	28651.9
Rv3337	Rv3337	Conserved hypothetical protein	3723.66	13178.7
Rv3338	Rv3338	Conserved hypothetical protein	3723.9	23225.7
Rv3351c	Rv3351c	Conserved hypothetical protein	3767.35	28174.2
Rv3353c	Rv3353c	Conserved hypothetical protein	3768.74	8677.84
Rv3354	Rv3354	Conserved hypothetical protein	3769.11	12987.8
Rv3360	Rv3360	Conserved hypothetical protein	3772.65	13423.2
Rv3361c	Rv3361c	Conserved protein	3773.02	20001.5
Rv3362c	Rv3362c	Probable ATP/GTP-binding protein	3773.57	20704.7
Rv3363c	Rv3363c	Conserved hypothetical protein	3774.14	13191.3
Rv3364c	Rv3364c	Conserved protein	3774.48	13440.5
Rv3365c	Rv3365c	Conserved protein	3774.87	93409.6
Rv3369	Rv3369	Conserved protein	3780.98	15717.8
Rv3376	Rv3376	Conserved hypothetical protein	3790.16	23645.8
Rv3394c	Rv3394c	Conserved hypothetical protein	3809.44	56634.6
Rv3395c	Rv3395c	Conserved hypothetical protein	3811.02	20793
Rv3403c	Rv3403c	Hypothetical protein	3822.26	57880.2
Rv3404c	Rv3404c	Conserved hypothetical protein	3823.88	26483
Rv3412	Rv3412	Conserved hypothetical protein	3831.73	15269.9
Rv3413c	Rv3413c	Unknown alanine and proline rich protein	3832.15	31247.8
Rv3415c	Rv3415c	Conserved hypothetical protein	3833.69	28626.9
Rv3421c	Rv3421c	Conserved hypothetical protein	3839.06	21571.9
Rv3422c	Rv3422c	Conserved hypothetical protein	3839.69	18195.7
Rv3424c	Rv3424c	Hypothetical protein	3841.71	13018.2
Rv3433c	Rv3433c	Conserved protein	3851.79	46857.3
Rv3438	Rv3438	Conserved protein	3857.4	29208.9
Rv3439c	Rv3439c	Conserved hypothetical alanine and proline rich protein	3858.26	47628
Rv3440c	Rv3440c	Hypothetical protein	3859.67	10672.1
Rv3446c	Rv3446c	Hypothetical alanine and valine rich protein	3863.32	41523.5
Rv3463	Rv3463	Conserved protein	3880.91	30650.8
Rv3471c	Rv3471c	Conserved hypothetical protein	3888.81	18585.2
Rv3472	Rv3472	Conserved protein	3889.36	18567.9
Rv3484	cpsA	Possible conserved protein CpsA	3903.08	54354.6
Rv3486	Rv3486	Conserved protein	3905.77	15984.1
Rv3488	Rv3488	Conserved hypothetical protein	3907.67	11928.4
Rv3489	Rv3489	Unknown protein	3908.07	5695.35
Rv3491	Rv3491	Unknown protein	3909.89	20330.9
Rv3492c	Rv3492c	Conserved hypothetical Mce associated protein	3910.47	18006.9
Rv3493c	Rv3493c	Conserved hypothetical Mce associated alanine and valine rich protein	3910.95	25578.8
Rv3510c	Rv3510c	Conserved protein	3938.42	31067.7
Rv3517	Rv3517	Conserved hypothetical protein	3953.43	31007.1
Rv3519	Rv3519	Unknown protein	3955.55	25960
Rv3521	Rv3521	Conserved hypothetical protein	3957.52	32970.5
Rv3527	Rv3527	Hypothetical protein	3963.6	16838.5
Rv3528c	Rv3528c	Unknown protein	3964.48	27440.4
Rv3529c	Rv3529c	Conserved hypothetical protein	3965.88	43345.8
Rv3531c	Rv3531c	Hypothetical protein	3967.82	41870.1
Rv3541c	Rv3541c	Conserved protein	3980.66	13951.9
Rv3542c	Rv3542c	Conserved hypothetical protein	3981.04	33939.7
Rv3555c	Rv3555c	Conserved protein	3994.83	31855.4
Rv3566A	Rv3566A	Hypothetical protein	4008.17	9764.96
Rv3572	Rv3572	Unknown protein	4013.51	18742.1
Rv3577	Rv3577	Conserved hypothetical protein	4019.26	30893.2
Rv3586	Rv3586	Conserved hypothetical protein	4027.89	39031.1
Rv3594	Rv3594	Conserved hypothetical protein	4035.86	30643.7
Rv3600c	Rv3600c	Conserved protein	4043.04	29272.6
Rv3603c	Rv3603c	Conserved hypothetical alanine and leucine rich protein	4045.21	31104.6
Rv3611	Rv3611	Hypothetical arginine and proline rich protein	4052.95	23815.4
Rv3612c	Rv3612c	Conserved hypothetical protein	4053.52	11691.5
Rv3613c	Rv3613c	Hypothetical protein	4053.88	5608.47
Rv3626c	Rv3626c	Conserved hypothetical protein	4064.85	38407
Rv3627c	Rv3627c	Conserved protein	4065.9	46834.3
Rv3633	Rv3633	Conserved protein	4071.79	32447
Rv3639c	Rv3639c	Conserved hypothetical protein	4077.88	19767.4
Rv3642c	Rv3642c	Hypothetical protein	4080.57	7494.43
Rv3643	Rv3643	Hypothetical protein	4081.16	6994.76
Rv3647c	Rv3647c	Conserved hypothetical protein	4087.61	20314.4
Rv3651	Rv3651	Conserved hypothetical protein	4091.84	37967.3
Rv3654c	Rv3654c	Conserved hypothetical protein	4094.66	8326.7
Rv3655c	Rv3655c	Conserved hypothetical protein	4094.92	12975.2
Rv3656c	Rv3656c	Conserved hypothetical protein	4095.32	7092.45
Rv3659c	Rv3659c	Conserved hypothetical protein	4096.94	36691.1
Rv3662c	Rv3662c	Conserved hypothetical protein	4101.27	26338.2
Rv3672c	Rv3672c	Conserved hypothetical protein	4113.52	28890.8
Rv3678c	Rv3678c	Conserved protein	4118.06	15245.6
Rv3678A	Rv3678A	Conserved hypothetical protein	4118.53	5914.78
Rv3683	Rv3683	Conserved protein	4124.42	34394.4
Rv3686c	Rv3686c	Conserved hypothetical protein	4128.75	11032.7
Rv3688c	Rv3688c	Conserved protein	4129.89	16701.1
Rv3691	Rv3691	Conserved protein	4132.52	35492.5
Rv3698	Rv3698	Conserved protein	4140.49	56929.5
Rv3699	Rv3699	Conserved protein	4142.04	24998.1
Rv3701c	Rv3701c	Conserved hypothetical protein	4143.95	35404.1
Rv3702c	Rv3702c	Conserved hypothetical protein	4144.91	24627
Rv3703c	Rv3703c	Conserved hypothetical protein	4145.61	47106.9
Rv3705c	Rv3705c	Conserved protein	4148.32	22359.1
Rv3705A	Rv3705A	Conserved hypothetical proline rich protein	4149.09	13011.1
Rv3706c	Rv3706c	Conserved hypothetical proline rich protein	4149.59	10952.6
Rv3707c	Rv3707c	Conserved hypothetical protein	4150.03	36450.4
Rv3714c	Rv3714c	Conserved hypothetical protein	4158.93	33251.4
Rv3716c	Rv3716c	Conserved protein	4160.51	13357.5
Rv3717	Rv3717	Conserved hypothetical protein	4161.05	24836
Rv3718c	Rv3718c	Conserved protein	4161.81	15661.8
Rv3719	Rv3719	Conserved protein	4162.31	53007
Rv3722c	Rv3722c	Conserved protein	4166.82	47309
Rv3730c	Rv3730c	Conserved hypothetical protein	4180.68	38543.7
Rv3732	Rv3732	Conserved protein	4182.93	37532.8
Rv3733c	Rv3733c	Conserved hypothetical protein	4184.01	18033.7
Rv3735	Rv3735	Conserved hypothetical protein	4186.09	17292.9
Rv3745c	Rv3745c	Conserved hypothetical protein	4195.89	7563.53
Rv3747	Rv3747	Conserved protein	4196.72	13507.5
Rv3748	Rv3748	Conserved hypothetical protein	4197.24	12665.4
Rv3749c	Rv3749c	Conserved hypothetical protein	4197.63	18523.2
Rv3753c	Rv3753c	Conserved protein	4199.72	17917
Rv3755c	Rv3755c	Conserved protein	4201.29	21969.8
Rv3766	Rv3766	Hypothetical protein	4212.29	24605.5
Rv3768	Rv3768	Unknown protein	4214.07	13166.8
Rv3769	Rv3769	Hypothetical protein	4214.62	9720.97
Rv3770c	Rv3770c	Hypothetical leucine rich protein	4215.2	21023.1
Rv3771c	Rv3771c	Conserved hypothetical protein	4216.4	11293.2
Rv3773c	Rv3773c	Conserved protein	4218.24	20724.5
Rv3776	Rv3776	Conserved hypothetical protein	4221.09	55692.4
Rv3780	Rv3780	Conserved protein	4226.99	19484
Rv3785	Rv3785	Hypothetical protein	4231.32	38931.2
Rv3786c	Rv3786c	Unknown protein	4232.37	44944.1
Rv3787c	Rv3787c	Conserved hypothetical protein	4233.61	33358.4
Rv3788	Rv3788	Hypothetical protein	4234.78	17374.4
Rv3796	Rv3796	Conserved protein	4249.88	39443.6
Rv3811	Rv3811	Conserved hypothetical protein	4274.8	57217.9
Rv3813c	Rv3813c	Conserved protein	4278.39	28515.4
Rv3818	Rv3818	Unknown protein	4282.45	57615.2
Rv3819	Rv3819	Unknown protein	4284	12825.1
Rv3822	Rv3822	Conserved hypothetical protein	4286.72	41408.1
Rv3831	Rv3831	Hypothetical protein	4305.76	17867.6
Rv3832c	Rv3832c	Conserved protein	4306.24	20766.8
Rv3836	Rv3836	Conserved hypothetical protein	4310.4	14994.5
Rv3839	Rv3839	Conserved hypothetical protein	4312.77	28292.6
Rv3845	Rv3845	Hypothetical protein	4319.28	13435.1
Rv3847	Rv3847	Hypothetical protein	4321.54	18277.9
Rv3850	Rv3850	Conserved protein	4324.02	23810.9
Rv3856c	Rv3856c	Conserved hypothetical protein	4328.4	36701.4
Rv3860	Rv3860	Conserved protein	4336.78	42133.9
Rv3861	Rv3861	Hypothetical protein	4337.95	11643.5
Rv3863	Rv3863	Unknown alanine rich protein	4338.85	41087.6
Rv3896c	Rv3896c	Conserved hypothetical protein	4381.94	32835.1
Rv3897c	Rv3897c	Conserved hypothetical protein	4383.01	20284.6
Rv3898c	Rv3898c	Conserved hypothetical protein	4383.65	10875
Rv3899c	Rv3899c	Conserved hypothetical protein	4384.15	40788.1
Rv3900c	Rv3900c	Conserved hypothetical alanine rich protein	4385.37	32980.2
Rv3902c	Rv3902c	Hypothetical protein	4387.37	19790.3
Rv3903c	Rv3903c	Hypothetical alanine and proline rich protein	4387.89	88334.6
Rv3906c	Rv3906c	Conserved hypothetical protein	4391.1	17769.7
Rv3909	Rv3909	Conserved protein	4394.19	83877.4
Rv3912	Rv3912	Hypothetical alanine rich protein	4400.87	25769.4
Rv3916c	Rv3916c	Conserved hypothetical protein	4404.43	26577.4
Rv3920c	Rv3920c	Conserved protein similar to jag protein	4408.33	20558.6
