MTB000001	ileT	tRNA-Ile (GAT)	10.887	
MTB000002	alaT	tRNA-Ala (TGC)	11.112	
MTB000003	leuT	tRNA-Leu (CAG)	25.644	
MTB000051	F6	Putative small regulatory RNA	293.604	
MTB000004	glyU	tRNA-Gly (CCC)	386.204	
MTB000060	mcr19	Fragment of putative small regulatory RNA	575.033	
MTB000005	tyrT	tRNA-Tyr (GTA)	658.109	
MTB000052	B55	Putative small regulatory RNA	704.187	
MTB000006	thrT	tRNA-Thr (GGT)	731.494	
MTB000007	metT	tRNA-Met (CAT)	731.603	
MTB000008	trpT	tRNA-Trp (CCA)	733.524	
MTB000009	thrV	tRNA-Thr (TGT)	850.642	
MTB000053	ASdes	Putative small regulatory RNA	918.264	
MTB000010	lysT	tRNA-Lys (TTT)	923.803	
MTB000011	gluT	tRNA-Glu (TTC)	923.999	
MTB000012	aspT	tRNA-Asp (GTC)	924.11	
MTB000013	pheU	tRNA-Phe (GAA)	924.213	
MTB000014	argT	tRNA-Arg (CCT)	1025.32	
MTB000015	alaV	tRNA-Ala (CGC)	1113.51	
MTB000016	glnT	tRNA-Gln (TTG)	1138.08	
MTB000061	mpr5	Fragment of putative small regulatory RNA	1175.22	
MTB000017	leuX	tRNA-Leu (TAA)	1177.4	
MTB000074	MTS0858	Putative small regulatory RNA	1220.39	
MTB000072	mcr10	Putative small regulatory RNA	1283.69	
MTB000075	ncrMT1234	Fragment of putative small regulatory RNA	1340.58	
MTB000062	mpr6	Fragment of putative small regulatory RNA	1365.27	
MTB000063	mcr11	Putative small regulatory RNA	1413.09	
MTB000018	argV	tRNA-Arg (CCG)	1446.19	
MTB000064	mcr3	Putative small regulatory RNA	1471.62	
MTB000019	rrs	Ribosomal RNA 16S	1471.85	
MTB000020	rrl	Ribosomal RNA 23S	1473.66	
MTB000021	rrf	Ribosomal RNA 5S	1476.9	
MTB000022	leuW	tRNA-Leu (TAG)	1512.73	
MTB000065	mcr15	Putative small regulatory RNA	1535.42	
MTB000076	MTS1082	Putative small regulatory RNA	1547.13	
MTB000023	leuV	tRNA-Leu (CAA)	1828.02	
MTB000054	G2	Putative small regulatory RNA	1914.96	
MTB000024	proT	tRNA-Pro (GGG)	1946.61	
MTB000055	AS1726	Putative small regulatory RNA	1952.29	
MTB000077	MTS1338	Putative small regulatory RNA	1960.67	
MTB000056	AS1890	Putative small regulatory RNA	2139.42	
MTB000057	ASpks	Putative small regulatory RNA	2299.75	
MTB000025	leuU	tRNA-Leu (GAG)	2401.99	
MTB000066	mcr5	Fragment of putative small regulatory RNA	2437.82	
MTB000026	rnpB	Ribonuclease P RNA	2500.45	
MTB000027	valV	tRNA-Val (TAC)	2510.6	
MTB000073	mcr16	Putative small regulatory RNA	2517.03	
MTB000028	metV	tRNA-Met (CAT)	2581.76	
MTB000029	asnT	tRNA-Asn (GTT)	2619.41	
MTB000067	mcr7	Putative small regulatory RNA	2692.17	
MTB000030	proU	tRNA-Pro (TGG)	2765.33	
MTB000031	glyV	tRNA-Gly (TCC)	2765.54	
MTB000032	argW	tRNA-Arg (TCT)	2794.18	
MTB000033	hisT	tRNA-His (GTG)	2827.85	
MTB000034	lysU	tRNA-Lys (CTT)	2835.49	
MTB000068	mpr11	Fragment of putative small regulatory RNA	2881.25	
MTB000069	mpr12	Fragment of putative small regulatory RNA	2882.19	
MTB000035	valT	tRNA-Val (CAC)	2969.5	
MTB000036	glyT	tRNA-Gly (GCC)	2969.75	
MTB000037	cysU	tRNA-Cys (GCA)	2969.85	
MTB000038	valU	tRNA-Val (GAC)	2969.94	
MTB000039	gluU	tRNA-Glu (CTC)	3348.55	
MTB000040	glnU	tRNA-Gln (CTG)	3348.66	
MTB000041	alaU	tRNA-Ala (GGC)	3431.84	
MTB000042	ssr	10Sa RNA	3467.97	
MTB000043	metU	tRNA-fMet (CAT)	3559.37	
MTB000070	mpr17	Fragment of putative small regulatory RNA	4040.88	
MTB000044	thrU	tRNA-Thr (CGT)	4081.36	
MTB000071	mpr18	Fragment of putative small regulatory RNA	4093.47	
MTB000058	B11	Putative small regulatory RNA	4099.39	
MTB000078	MTS2823	Putative small regulatory RNA	4100.67	
MTB000045	proY	tRNA-Pro (CGG)	4126.54	
MTB000059	C8	Possible 4.5S RNA in signal recognition particle (small cytoplasmic RNA) (SC-RNA)	4168.15	
MTB000046	serV	tRNA-Ser (GGA)	4168.35	
MTB000047	serX	tRNA-Ser (CGA)	4199.13	
MTB000048	argU	tRNA-Arg (ACG)	4216.87	
MTB000049	serT	tRNA-Ser (GCT)	4216.97	
MTB000050	serU	tRNA-Ser (TGA)	4222.58	
MTB000079	ncrMT3949	Fragment of putative small regulatory RNA	4314.8	
MTB000080	MTS2975	Putative small regulatory RNA	4317.07	
